"","(Intercept) Estimate","(Intercept) Std. Error","(Intercept) t value","(Intercept) Pr(>|t|)","model.bw Estimate","model.bw Std. Error","model.bw t value","model.bw Pr(>|t|)","model.DOL Estimate","model.DOL Std. Error","model.DOL t value","model.DOL Pr(>|t|)","model.pH Estimate","model.pH Std. Error","model.pH t value","model.pH Pr(>|t|)","model.redox Estimate","model.redox Std. Error","model.redox t value","model.redox Pr(>|t|)","model.Subject_IDPH02 Estimate","model.Subject_IDPH02 Std. Error","model.Subject_IDPH02 t value","model.Subject_IDPH02 Pr(>|t|)","model.Subject_IDPH03 Estimate","model.Subject_IDPH03 Std. Error","model.Subject_IDPH03 t value","model.Subject_IDPH03 Pr(>|t|)","model.Subject_IDPH04 Estimate","model.Subject_IDPH04 Std. Error","model.Subject_IDPH04 t value","model.Subject_IDPH04 Pr(>|t|)","model.Subject_IDPH05 Estimate","model.Subject_IDPH05 Std. Error","model.Subject_IDPH05 t value","model.Subject_IDPH05 Pr(>|t|)","model.Subject_IDPH06 Estimate","model.Subject_IDPH06 Std. Error","model.Subject_IDPH06 t value","model.Subject_IDPH06 Pr(>|t|)","model.Subject_IDPH07 Estimate","model.Subject_IDPH07 Std. Error","model.Subject_IDPH07 t value","model.Subject_IDPH07 Pr(>|t|)","model.Subject_IDPH08 Estimate","model.Subject_IDPH08 Std. Error","model.Subject_IDPH08 t value","model.Subject_IDPH08 Pr(>|t|)","model.Subject_IDPH09 Estimate","model.Subject_IDPH09 Std. Error","model.Subject_IDPH09 t value","model.Subject_IDPH09 Pr(>|t|)","model.Subject_IDPH10 Estimate","model.Subject_IDPH10 Std. Error","model.Subject_IDPH10 t value","model.Subject_IDPH10 Pr(>|t|)","(Intercept) Pr(>|t|).BH","model.bw Pr(>|t|).BH","model.DOL Pr(>|t|).BH","model.pH Pr(>|t|).BH","model.redox Pr(>|t|).BH","model.Subject_IDPH02 Pr(>|t|).BH","model.Subject_IDPH03 Pr(>|t|).BH","model.Subject_IDPH04 Pr(>|t|).BH","model.Subject_IDPH05 Pr(>|t|).BH","model.Subject_IDPH06 Pr(>|t|).BH","model.Subject_IDPH07 Pr(>|t|).BH","model.Subject_IDPH08 Pr(>|t|).BH","model.Subject_IDPH09 Pr(>|t|).BH","model.Subject_IDPH10 Pr(>|t|).BH"
"seq_1",46.7622837162961,13.8657784450991,3.38482086220103,0.00180628776987324,-0.0346417196226407,0.00864320890905669,-4.01657065515664,0.000297494938478023,-0.152136971169404,0.0310101825006345,-4.92937000367134,1.75134989924116e-05,0.526501199304184,0.97323963601364,0.539809959469706,0.599027610754516,0.00309552798203365,0.00328606146003649,0.942029585327491,0.36242186546577,2.52895370245508,1.65509117091395,1.52168466703591,0.148386135543969,3.22916901180897,3.37207845841869,0.961218989669992,0.382569193194115,-11.6176928653557,3.69947850998687,-3.143958216782,0.00335929569985121,-0.378835981303917,1.39823040545672,-0.281155877123332,0.767745790917164,10.5274648834113,4.10845233009779,2.56852813033606,0.0152563039787859,-6.38034170611766,2.68687811229846,-2.38207205616499,0.022885204581796,3.24015110092991,2.8133243967126,1.15981057407566,0.260721236427942,-7.96980189220836,3.40168813068497,-2.34642283698251,0.025856958949755,-8.53386980598662,3.83171571626404,-2.23458021861335,0.0325906612800699,0.040495738693827,0.00644717788282834,0.000395553918606631,1,1,0.92564348937105,0.991957996842008,0.0732952384995807,1,0.331332701430582,0.432296735610998,1,0.46483880655919,0.592624188581808
"seq_2",-5.32172445539482,18.4499265698043,-0.288401221072307,0.732222223090834,0.00656538437973271,0.0115007296799797,0.571562994248892,0.585007365032805,0.0946357616776091,0.0412624211700971,2.30009847054144,0.0299736505897639,-0.0859643474037364,1.29500120677475,-0.0647296238303726,0.789759441913718,-0.0113320294227125,0.00437246223726918,-2.59929323924246,0.0146113844221867,0.214129817727542,2.20227884720651,0.0981800404754263,0.78806758132114,-1.71060013528035,4.48691721072706,-0.384600362830107,0.676827874044668,0.88366530073987,4.92255859460608,0.178257014259572,0.758056361802792,6.29063695537161,1.86049765691029,3.38884576916415,0.00185572999816344,-1.46608220920241,5.46674275129768,-0.268907104566846,0.658226389553285,12.1062769017777,3.57518361267645,3.39479770700443,0.00200776869556855,-0.330891114587644,3.74343414918276,-0.0810616860586246,0.744782353824858,10.9714471343357,4.52631610067989,2.43113308673671,0.0261008845920413,10.5554574124117,5.09851458259983,2.07662512253432,0.0502454415495816,1,1,0.483136942018973,1,0.316794330512431,1,1,1,0.0249186062810891,0.989553266141044,0.0434389875294831,1,0.426739858211007,0.733479223982653
"seq_3",2.73229646424727,15.5809110398094,0.183344743233432,0.652688718781285,0.00906567055094273,0.00971233383280394,0.935584947388569,0.389115948001475,0.0668874648052073,0.0348459984979361,1.93758998344602,0.107960956217688,-0.551349529059257,1.09362487286133,-0.511015179883066,0.552246993471752,-0.00735117284503144,0.00369253204808499,-2.00506602593955,0.0826755934106702,-6.85228297201669,1.85981828563682,-3.71362188587681,0.00115880966607703,-11.0976752665098,3.78918895090592,-2.95193366866628,0.0100918306803452,3.87557832552202,4.15708687298153,0.935078178971075,0.381025328925378,-15.1098973106155,1.57118503276518,-9.6992744156372,5.11159701885684e-11,-10.3715699203527,4.61664886107975,-2.27298379910294,0.0564298883085134,-7.78857631325152,3.01923249446771,-2.60357889009429,0.0300198033802177,-13.3801180305828,3.16131959881398,-4.27575452107217,0.000408537806804624,-9.04069922594092,3.82246120253791,-2.38937779795385,0.0364774457099431,-11.4008376248455,4.30568120941316,-2.68000115119109,0.0269913714615364,1,0.99858239354662,0.689594788286523,1,0.744358486476859,0.0177403116576739,0.199835685454694,1,1.17566731433707e-09,0.658239888155207,0.388393046759827,0.0087202798592185,0.475651245290928,0.384829169448532
"seq_4",-36.3802688504682,16.300794630747,-2.23892941511778,0.0637561608689791,0.0394080124641542,0.0101610720187855,3.89895053970948,0.00119822077351643,-0.0107681688691079,0.0364559853892295,-0.297478363011657,0.562500385424235,-0.233551898041676,1.14415353569771,-0.211668917843458,0.604488395121973,-0.00239022737778571,0.00386313781199932,-0.622309446217231,0.51685144000612,-8.97905754010473,1.94574732165628,-4.65497908442403,0.000260405069414588,0.0463684683303882,3.9642605459975,0.0134894049294234,0.772596666142875,13.9002520920777,4.34915642644446,3.21445917006407,0.0073836116881871,-5.56688419721256,1.64377836960694,-3.42059516232442,0.00710280975256202,-10.9336713656705,4.82995152045063,-2.28077414274133,0.0498632432027754,1.93672816158909,3.15872985276979,0.614224078401545,0.516282682472621,2.83452244093599,3.3073817962735,0.854905535093443,0.432708082815354,8.6944609261129,3.99907007281977,2.18158261522726,0.0729033234621143,6.28509914742072,4.50461625515892,1.39961101975005,0.233915458687701,0.584656645740374,0.0241396231003075,0.977842136743456,0.999884995468233,0.9910055313656,0.00415478143870234,1,0.143484501796918,0.0751075323979212,0.626452822899289,0.991975823381703,0.975627227438433,0.586016899892345,0.924983584263711
"seq_5",-6.01700269181488,17.2876640159467,-0.343844520281168,0.603876760284782,0.00442981566196418,0.0107762353358691,0.408413583187416,0.572299049018913,0.0706921556577967,0.0386630738596317,1.84315535736498,0.119062325694303,-0.560098890601162,1.21342194389042,-0.469613524159127,0.573798333019276,0.00432554230812345,0.004097016743906,1.055560145339,0.361896884659124,-1.45531290930451,2.06354516566167,-0.715822882306886,0.477681560946676,0.63962239871292,4.20426156781397,0.156060770382593,0.647795294744706,1.70719721251551,4.61245950006312,0.366661111902245,0.582744029128341,9.13667788054319,1.74329465612948,5.2849589461575,2.95945364014517e-05,1.84353987579045,5.12236249767627,0.358788393159977,0.596363632769491,2.02691364828022,3.34996309375148,0.601762217567024,0.518989629704327,1.49798668514415,3.50761460171921,0.417613962360122,0.568411697406371,3.53555694445974,4.2411785045578,0.834267775571724,0.422887433719424,2.11504808480767,4.77733105066366,0.436465569882065,0.552802377087553,0.996177704981366,0.997769085429973,0.745364204881383,0.991891289200639,0.979507425122434,0.989207613798371,1,0.996055699164819,0.000488323781674968,1,0.988952714987318,1,0.986355949811602,0.999826804999524
"seq_6",-5.01144836217398,14.4451149507102,-0.360983084245984,0.526467468613256,-0.00019894545342986,0.00900433731352856,-0.0136849055730656,0.556366633487341,-0.0212837626306124,0.0323058422314899,-0.658832405995077,0.462973476537582,0.463643800813862,1.01390329237327,0.473411910450104,0.521264364310861,-0.00152068021669505,0.00342335886248803,-0.437979669615055,0.547759016642556,10.9338991630794,1.72424377848096,6.41065525217568,6.17088568740876e-06,3.81610033105554,3.51296980169824,1.09052714188116,0.360327885715785,0.591204679564519,3.8540492007739,0.164406407884019,0.577003638194338,-1.35272697318835,1.45665092042051,-0.929275044461959,0.391088857691746,2.58109905481591,4.2801106632965,0.60855321432655,0.466337227933389,-0.355375527962592,2.79914058517332,-0.119405677843382,0.583536219223346,1.24552535612258,2.93087001678688,0.431465945223681,0.54080961359085,0.556190170223571,3.54381661792516,0.165743311735054,0.547527439277553,0.936404965620139,3.99181150910716,0.240189650283922,0.556916239651097,0.979538184395905,0.979392985733628,0.938707308461927,0.988658478503683,0.9837369661592,0.00011314715776873,0.920475701396814,0.984360589087062,0.895599742590611,0.988053446902479,0.981447518076779,0.978447094135955,0.985725637991453,0.981829744280884
"seq_7",6.73489060073417,12.4250325745566,0.557370283644505,0.484623657317295,-0.00685050878385911,0.0077451224732128,-0.904526953733726,0.393456277611749,-0.0592701907322029,0.0277880199253806,-2.1825706257966,0.106749698675441,0.0158510184125863,0.872113616137662,0.0223293611826509,0.55050530883234,-0.000212217973231695,0.00294461799203055,-0.0811370082134571,0.583428382638082,12.6631678281759,1.48311627752392,8.65653846764783,1.39231083267192e-09,1.51830755456324,3.02169725671779,0.497529657636706,0.458760638738058,-1.65480610541398,3.31507828265535,-0.519702538867582,0.471879582983726,-1.86232678968391,1.25294504043339,-1.54018550447206,0.248037146104477,1.29581817007403,3.68155702433863,0.356979716893203,0.483470657291625,-2.79838427135976,2.40769374769371,-1.19557151099451,0.317380542453378,0.844569122341095,2.52100142883098,0.319727518520181,0.546891176738753,-2.32804917268065,3.04823028866311,-0.783192620943516,0.42727693339347,-1.28460151115922,3.43357517066404,-0.388495724623544,0.505983090263217,0.983095218655376,0.932783855422025,0.596417597354849,0.993100972524149,1,3.00720096005696e-08,0.956626259367201,0.97250057913915,0.661302503479956,0.990337758985296,0.882508669300881,0.986916493511319,0.968656030635156,0.984218940442239
"seq_8",0.445641444814751,14.0969697136317,0.0400806804969359,0.599778095941344,0.00277356688188652,0.00878732158471991,0.314167046139919,0.564481549894515,-0.00361279568496765,0.0315272312518556,-0.114000756525087,0.641909912027168,-0.838715478524222,0.989466961938906,-0.863339722654148,0.439426511794278,0.00135779964136256,0.00334085165594434,0.410151048254486,0.572700855912548,11.4386756686869,1.68268735881322,6.83897411030807,9.62689405965896e-08,2.83709018600219,3.42830286006191,0.838482092408754,0.432736338026945,1.97462026391092,3.76116182138689,0.52505780976441,0.542733246040545,-1.00705277612172,1.42154382146277,-0.711844536014787,0.443485992058526,-0.112867977132165,4.17695467272945,-0.0421640274005856,0.550547675971637,1.79271532087504,2.73167781551269,0.654725919565919,0.515844093693448,1.76102316050762,2.8602324039799,0.60465560314479,0.495518287984898,2.92414589891763,3.45840622965064,0.850895252639263,0.441420709767078,6.04469990061335,3.89560388674121,1.56356224954115,0.198070927838592,0.996665843714141,0.993369278587933,1,0.961371254821347,1,2.02398431823318e-06,0.970273716740174,0.984132328281492,0.916174827453927,0.984932436555884,0.980989870914839,0.974650214758854,0.937183598784966,0.859746245480159
"seq_9",1.36564147921101,17.6500767874179,0.0761394320742342,0.641240774239235,-0.00230648364494016,0.0110021447074589,-0.207822569748187,0.621944947474815,0.106601179736366,0.0394735935306607,2.72146258610123,0.0245389188954899,-0.496867718547757,1.2388597132295,-0.403647661715457,0.574595282975951,0.00375121405337037,0.00418290522435965,0.906974509975609,0.41899014880181,-2.93377580460923,2.10680463217222,-1.39680601108854,0.243422505843704,2.33184346350744,4.29239829267025,0.54362056861609,0.528444693386854,-3.51867745866564,4.70915354902049,-0.748724338728757,0.438907160602074,3.02428324234427,1.7798404987162,1.7135137292143,0.138245761323154,2.1286537938203,5.22974598150327,0.414734090797711,0.569644243534075,1.66529887247573,3.42019059285215,0.495547076865039,0.593517358479561,-2.73271755427918,3.58114705398629,-0.764568766683299,0.472697371662714,-0.531912022710349,4.33008914365416,-0.120394328189706,0.65533250440302,-2.15472255016617,4.87748141133179,-0.447535287342429,0.605032576940668,0.993090463623901,0.996135184512339,0.291525180015516,1,0.968908996468325,0.839750602786515,0.997863988625398,0.998727732618997,0.676025324587049,0.998149216825345,0.985950026075133,0.985448714655117,0.989738525998939,0.99423799946794
"seq_10",-30.2503136009575,14.4461576245865,-2.11003000493469,0.0823872556417496,0.0308613115563819,0.00900498726247824,3.46029343851404,0.00528448296770443,-0.0143699198087704,0.0323081741241652,-0.446972597605607,0.555245031797445,-0.196936784063389,1.0139764777013,-0.203520702457044,0.576047870064315,-0.00129635378275095,0.00342360596656905,-0.373372718601193,0.521562485598701,-6.56861553389158,1.72436823743821,-3.844020146422,0.00338696558636081,-12.6685123888244,3.51322337405491,-3.63865767930057,0.00295533574701544,10.3450674871125,3.85432739284322,2.71402027051823,0.0346350149342921,-3.57719960189917,1.45675606405327,-2.48125259310407,0.0655021367290831,-7.25906228116364,4.2804196092337,-1.72405537653756,0.161429597359248,5.24132751591973,2.79934263207805,1.89893625207829,0.134281436070491,4.31516400265618,2.93108157215434,1.486173865829,0.212821910876353,9.64344821555258,3.54407241685944,2.74987434846823,0.0350366291651661,14.7976945223924,3.99209964510289,3.76304375521631,0.00556465906576574,0.637432588291098,0.0891756008873453,0.998372815521833,1,0.997139372097722,0.0463121431181028,0.0628693052289777,0.339119176230225,0.320658478942268,0.825406674336271,0.696435424047753,0.874338286767229,0.315316903399502,0.0876037275612151
"seq_11",46.1131779164754,15.8418940803635,2.94308129559965,0.0171044579845343,-0.0326471359603771,0.00987501715780886,-3.34058870478688,0.00725936956538814,0.00139839091818882,0.0354296751915454,0.0427681672907533,0.597286464959121,-1.55153054715856,1.11194328465482,-1.41202646985937,0.229419398039886,-0.00409857637588639,0.00375438261887579,-1.10277703686885,0.346454151395426,-6.02493207517588,1.89097057383251,-3.21228430624083,0.0116199440305706,7.85679228047583,3.85265854206878,2.05975878934624,0.0977243945992402,-8.29163964701697,4.22671881999582,-1.98044091915044,0.0951267648973672,-7.17215468636434,1.59750266246453,-4.5312104323677,0.000259646106890394,2.95684032810271,4.69397855341013,0.630934652374854,0.473591915833071,-8.1924124976701,3.06980517757544,-2.69034930577276,0.026148815546167,-10.6630737821282,3.214272266277,-3.35028445248046,0.0052762079063226,-14.6459920325368,3.88648810985352,-3.80515618306882,0.00285493340833325,-13.9978482671355,4.37780213808147,-3.23420649458942,0.00882860643239445,0.241650666917884,0.121707496985718,0.996373358367366,0.919676948114254,0.957565739770195,0.108184298265055,0.679827019126946,0.72189684727579,0.00373853356280412,0.992476937065595,0.328662094661522,0.103970506526197,0.0567955816081506,0.159328869189595
"seq_12",-2.021678519428,18.3556068065955,-0.112751928517827,0.632366986145681,-0.00682518739298007,0.0114419356194158,-0.597437782542674,0.531666738219833,0.0363172631610555,0.0410514793119028,0.889056651029865,0.410078684390369,1.2121211190124,1.28838089819434,0.948197293565127,0.397732632717272,-0.00309731450714243,0.0043501093243024,-0.711893392599588,0.511196210427439,2.58438209159445,2.19102035148284,1.1953383686267,0.296187868949126,2.64402970395286,4.46397918074347,0.594240654734079,0.539075639865512,-6.76329167654844,4.89739347759232,-1.38550870536279,0.227300482573138,1.25517370322984,1.85098641588793,0.687236760088401,0.512588641522782,3.20479809013659,5.43879565460466,0.585415622599015,0.491618868470484,0.436312744682132,3.55690654959441,0.129422275753254,0.688333261271539,-4.54132767930516,3.72429695526479,-1.21918266319152,0.283020646457382,-4.40909008024379,4.50317665558731,-0.981365559090315,0.380977190804613,1.63373767190665,5.07244994292076,0.328198451297139,0.664226302960063,1,0.997833601427769,0.991073478341833,0.981532350871295,0.999438358315914,0.92483218247867,0.998416750784096,0.949967550033404,0.991017991075393,1,1,0.961772449205448,0.988348395444127,1
"seq_13",-13.5027007763576,15.9405662602102,-0.852516074384433,0.424889327325754,0.00656730221842026,0.00993652428972386,0.665057497946504,0.47188055736158,0.0309656282790827,0.0356503510314844,0.879136356850927,0.440438267978927,0.452911183327918,1.11886908956213,0.409630842109794,0.540508571209196,0.00601241117553533,0.00377776701439716,1.60712624297766,0.174274893332696,-0.619377599497351,1.90274859656133,-0.339656170280446,0.574633762642513,-1.11873376877135,3.87665505502502,-0.290804695590745,0.5807388185208,2.97053016923261,4.25304518964912,0.704492931715301,0.45242490488509,5.60750489882527,1.60745280284652,3.51549087186609,0.0040798154839057,0.567434671309431,4.7232152781142,0.115553490467768,0.604780525067454,4.00721296106078,3.08892564177242,1.30600335854526,0.281859396506907,2.81790119561086,3.23429255233152,0.871583066156148,0.41842653549754,4.28347627810934,3.91069533228552,1.10092938553464,0.342890749313846,2.84890163148436,4.40506953917068,0.642100292978783,0.465333889759226,0.983443366658146,0.996392899078512,0.980075925145477,0.992676461262156,0.883770588963324,0.997679940796423,1,0.987746626003228,0.0467778597862963,0.987082690713785,0.897126046365925,0.97573128525792,0.940505778726064,0.997410933774342
"seq_15",-7.93673550512522,15.2693894965312,-0.523975511493741,0.4984102054885,0.00252296653462614,0.00951814741991081,0.267425798556563,0.561140748291922,-0.0859255643493909,0.0341492947428469,-2.54059087653836,0.0477255760899122,0.895353081150689,1.07175916120361,0.844445090344825,0.409809422289554,-0.000922144475564382,0.00361870431880238,-0.253566868248734,0.58077137976851,-1.89212332389797,1.82263345985364,-1.04568687175202,0.380207806461334,-1.99314769276283,3.71342868331035,-0.537090800167594,0.527163838039588,2.23524288744796,4.07397092970301,0.553046175141915,0.491988613846523,-1.07798035828487,1.5397710811078,-0.701423074570072,0.495575802125012,-0.0631822061936366,4.52434452956138,-0.0138448017340267,0.627927145744024,-1.59528950898366,2.95886657852165,-0.544426586039875,0.556949583404308,14.5871268623239,3.09811282241293,4.74420308411382,0.000183235392009322,5.04915598406933,3.74603569635968,1.3625732505317,0.256138026801473,1.44912449518141,4.21959430141445,0.343098316444438,0.524576685220444,0.993585626395608,0.997464832683513,0.422863705761169,0.983873558901072,0.990219314268043,0.901949062329712,0.985243553730942,0.990508117693991,0.964071875480874,0.990898145801598,0.989206907950045,0.00387658023158554,0.87578690884774,0.995958397060153
"seq_16",-10.3680571518296,16.5022512179187,-0.634440112524914,0.5079194656161,0.00642405082362819,0.0102866496324712,0.634710991014945,0.500250907391407,0.0796250563074189,0.0369065338787272,2.18824045083744,0.0757930539578884,-0.261544794505519,1.15829378295089,-0.233374473966265,0.605828983808097,0.00193319844448633,0.00391088116298365,0.500397348603054,0.580241828949035,5.26386848873243,1.96979422389624,2.70292371290764,0.0249043914489839,0.706123392978825,4.01325364224507,0.174011155731886,0.626566128013122,1.920561618855,4.40290633438419,0.445559752912803,0.539915245614507,0.57409656800511,1.66409332896377,0.359861997166006,0.61146796041538,2.44786640998886,4.88964342943764,0.500834390677873,0.537578095754468,5.28340990848811,3.19776763898519,1.67491993914351,0.162467727298201,1.23589485512881,3.34825672686701,0.371538741197284,0.579454282034894,3.86968243525609,4.04849336947373,0.972594273318523,0.402456641539412,2.426465958674,4.56028744406959,0.53377443769213,0.526101223755596,0.994392729726322,0.987380124695457,0.588451763611702,1,1,0.257502402800561,1,0.994307644220699,0.987269649425161,0.993657563587937,0.808467818826653,0.997457287847901,0.96379039926246,0.992296834465361
"seq_17",6.75966865899571,14.3660406592451,0.481343203127022,0.558344560344615,-0.00333452020473336,0.00895504649129492,-0.381425835793649,0.563278210936326,0.0103718723242421,0.0321289961770726,0.325836289881745,0.522900746554527,-0.968651516445573,1.00835306416587,-0.973228108252425,0.391194027488401,0.00334028122211453,0.00340461898555346,0.999565420441363,0.371491507078265,7.55111784091567,1.71480506127021,4.44050690204479,0.000374666700185707,3.11431817307607,3.49373938373649,0.910230629899111,0.409663263157581,3.76413418393365,3.83295167328016,0.9877513975619,0.381568408701317,-0.992211740824822,1.4486770386039,-0.682328977548136,0.488575170419908,1.26481331177157,4.25668082426461,0.302013546995726,0.594840090866786,1.11320931261572,2.78381775394359,0.402059928148732,0.560519546967156,0.905391593716281,2.91482608285181,0.317348737886256,0.537083701834262,1.81155105587429,3.52441734079231,0.517282393484707,0.539141130092085,-0.0623234834486616,3.96995985421747,-0.0208825805915172,0.624564346075029,0.991154053047624,0.987771778298193,0.988034039166894,0.981391955794557,0.974111763763744,0.00574840178336658,0.961003094420402,0.959886561061108,0.951308635246149,0.998103426637426,0.998939364016425,0.993562513721346,0.989255613068917,0.984035211773819
"seq_19",-4.50103523892721,13.9396071659928,-0.338649738109505,0.549034046577752,-0.00160996320835738,0.00868922991398614,-0.176123252547303,0.585493098732109,-0.0596828566036906,0.0311752970751797,-1.93118104642789,0.122772734291458,0.823297929341261,0.978421677377882,0.863818228068886,0.414733840210284,0.00172865436070035,0.00330355818518129,0.537132685442967,0.521097047639627,-0.821286710096768,1.66390374963752,-0.500391828238606,0.480983015152204,0.602048957493103,3.39003318345082,0.171452000160981,0.586127870118091,0.790780069264123,3.71917648565029,0.222178875919345,0.553340941087869,6.20001455489047,1.40567532192919,4.4682038628609,0.000543546825638628,1.2630874753906,4.13032789817965,0.29916352739546,0.562163236026034,0.0608184144128646,2.70118446913329,0.029245193494974,0.613726756229322,2.4715922051852,2.82830402028662,0.880867259014631,0.417240820238426,-0.29140704450539,3.41980051323616,-0.0772165189985357,0.579973198631558,0.793909012972879,3.8521177925903,0.222464046143628,0.530966177206158,0.986265884452192,0.986065953126548,0.6800350438124,0.965427762562736,0.994923899883281,0.971754899998469,0.983000454018545,0.989962417578733,0.0072906421507966,0.989925598684321,0.991688661428852,0.974162829054732,0.98593364596743,0.98123223385308
"seq_23",-4.55204019501144,14.0326376693913,-0.314739768253959,0.544925678777475,-0.00119920113285631,0.0087472203166867,-0.153177043981228,0.56538535485686,-0.0683713233753984,0.031383355562479,-2.20749190657041,0.0741369936720305,0.805218827983819,0.984951492752059,0.821709066729286,0.445117581460431,0.000820235102096099,0.0033256055554776,0.24208067904925,0.597393176448236,-1.14640002561811,1.675008352629,-0.68276733057226,0.430860443135533,-0.0193764551148786,3.41265767278102,-0.000178739863139773,0.604487333223808,1.10425327270337,3.743997619888,0.284600514941064,0.510086662227118,5.27023156051834,1.41505655349883,3.7774953837483,0.00502688033117526,0.929412273948327,4.15789298512888,0.221772608287863,0.579848135924233,-0.384376292331214,2.71921170246514,-0.150055877149917,0.548248858571271,2.64414909102301,2.84717962729893,0.930394540352,0.380735059640039,-0.204924279749401,3.44262366452589,-0.0733886556741632,0.56232986805817,1.3015974316937,3.8778261538897,0.325639924375861,0.524928439467414,0.991946300406371,0.988915720706292,0.550637185461503,0.98419093754653,0.994645165670467,0.931859087682404,0.992495782290457,0.980745016120762,0.052870685398568,0.978773757008753,0.992142680107973,0.967421195996028,0.988147242093656,0.99113888616018
"seq_24",-6.05882433768888,14.1879523655442,-0.430470834678985,0.517246688279711,4.25091209254193e-05,0.00884403546275379,0.00475089091325639,0.578311209682207,-0.0668748006262713,0.0317307098124983,-2.14032691126875,0.094224979569868,0.825237271840252,0.995853038521733,0.839422091192081,0.424619120484408,0.00158992593890395,0.00336241370434757,0.49169385015618,0.53019719955098,-0.876659903186408,1.69354751963889,-0.515876464251501,0.521585526337239,-0.466528876131066,3.45042932355755,-0.146157680562411,0.579225431798156,1.65976739068763,3.78543657573009,0.446774055647933,0.54017621674961,5.56973145817515,1.43071854690476,3.94526710053994,0.00325390821172008,0.815322129909173,4.20391297800806,0.188489015749642,0.569516785016573,0.659454912527132,2.74930822097392,0.238034911931648,0.569626708810883,2.56060164286592,2.87869250813609,0.904811451702293,0.385869934036765,0.391653428237496,3.480726982022,0.113036503593551,0.574287237868796,1.48396494933612,3.92074633789323,0.375495901883363,0.520629108236702,0.995750224439867,1,0.580649040917184,0.965751496551867,0.990720341964893,0.957542881193452,0.988934634713384,0.989352547493525,0.0338871917531902,0.992245032053208,0.996336275513077,0.960926847210434,0.996104781719038,0.990512973942618
"seq_25",7.9822087843079,15.9957467731033,0.507459419797496,0.547321374006958,0.00318823447871358,0.0099709209665879,0.321646911977536,0.600927832001013,0.0516703061476494,0.035773759737463,1.46556385570957,0.231172910553105,-1.48286541201323,1.12274221233672,-1.33837492757347,0.268678812457835,-0.00132384468098584,0.00379084428643647,-0.352255746490868,0.569540957735115,-8.91126676455251,1.90933522853858,-4.71542285420153,0.000236275711036601,-5.04780557044046,3.89007464193017,-1.31050891149316,0.253414240034625,-4.70309005435482,4.26776770396208,-1.11605363526426,0.342635273871048,-7.54995333139108,1.61301722688671,-4.71989211785682,0.000203651530858096,-4.39359803517214,4.73956535233971,-0.946754162341279,0.436019740160456,-2.14399756796914,3.09961839248275,-0.693031057067307,0.485865267830952,-5.60937977558893,3.24548851105537,-1.75359312924054,0.166089327606462,-1.82869238850352,3.92423275439975,-0.471707709547134,0.566299900341651,-5.14227037567921,4.42031830715881,-1.17521875231072,0.330931027689491,0.99722075719488,1,0.84318727720569,0.894051531465463,0.993745108215494,0.00377223032478007,0.937424484435796,0.962137679177644,0.00300075871397532,0.948234160664718,1,0.773254000051913,0.996500404312837,0.912319708879298
"seq_26",1.39526731094071,13.7663395899637,0.106813477235738,0.60989541861124,-0.00563510279021369,0.00858122387143213,-0.664412316574476,0.483586959874085,0.0371752869686111,0.0307877920263013,1.22114532567998,0.293007824485254,0.40912855509527,0.966260018132044,0.425644242190532,0.549480102867519,0.00201936060572282,0.00326249536955087,0.613574052832784,0.529487565236193,-2.70179389736033,1.64322163384958,-1.68352530515299,0.216584784600725,1.80808785004119,3.34789549439256,0.534367376487398,0.496289279493181,-4.62756021068947,3.67294758645539,-1.28479581460747,0.290879864435921,3.8865338131348,1.38820295324517,2.81896741827951,0.0203996305162666,1.06945455700526,4.07898843827944,0.274435146062518,0.480431525353575,-0.932754185864201,2.66760908355742,-0.357432736839849,0.553088739621878,-2.62570527049017,2.79314855456703,-0.96734499301397,0.394334780168844,-2.76462346531133,3.37729281998658,-0.834642235668365,0.42602912919632,-3.49234176343136,3.80423644955438,-0.939703424937745,0.402218151252853,0.989357204373399,0.97228040858698,0.940323435814263,0.981115698676277,0.978232911530868,0.691671337824576,0.987331766279079,0.905769650133382,0.178019117621037,0.967468697804082,0.992733947491051,0.940845503116128,0.955908525736629,0.95203179032165
"seq_30",-3.94424508407003,13.1531933021972,-0.304348423297627,0.550366268052383,0.000200482672743046,0.00819902019798089,0.0247347221049737,0.60473583573205,-0.031196162872012,0.0294165182562415,-1.08459175188618,0.359432965374138,0.332264510422584,0.923223251585421,0.369916616770011,0.527626450130598,0.00318823190986056,0.00311718536091548,1.02539053046622,0.372363407551593,-1.25388642184157,1.57003331547431,-0.798617421576735,0.42142908306756,-0.273530934749348,3.19878180438063,-0.0777816667027225,0.607639346651647,1.15542413824899,3.50935622921198,0.334390991747169,0.533661987488042,3.88898651051118,1.32637304690832,2.98067811536711,0.0202140603680693,0.190515383215537,3.89731221255299,0.0467489123145871,0.552055651933657,1.34907863406229,2.54879503018424,0.529961099295883,0.545600554190515,2.28323259678587,2.66874303222603,0.879215962712341,0.413893562052098,0.679966823656399,3.22686978692522,0.214050257583695,0.561616225256781,1.22635105722724,3.63479754812479,0.340150716302396,0.583642497620279,0.982745067109119,0.998396845933176,0.911614099147538,0.978766611992703,0.941807978217004,0.934323784649259,0.977518554865721,0.991918825831595,0.169733583071245,0.970389123198829,0.980613765822272,0.941145903326183,0.993775803210494,0.982964906708515
"seq_33",15.5749983932242,14.4596124971071,1.09796150650692,0.341718644903515,-0.0168005391497311,0.00901337433389299,-1.8961344385449,0.1386153922122,-0.0128478492613988,0.0323382653342648,-0.399621178633472,0.544656505148387,0.466548419659249,1.0149208758313,0.464047521378414,0.536503819485775,0.000382178913476395,0.00342679464711913,0.0944717511114669,0.575380269666356,-2.14142312021369,1.72597428074857,-1.24127908560658,0.293587599578794,3.24600931658588,3.51649552252945,0.943620344008445,0.352428076632578,-7.70152107377127,3.85791723902038,-2.02988588151595,0.102555487226584,-5.05664739865895,1.45811285854803,-3.50991761594895,0.00678616222273827,1.51391358619715,4.28440630948116,0.374423601227758,0.517824560429889,-7.10724943725665,2.80194988580149,-2.56833839067432,0.0412219374380668,-5.36161870431538,2.93381152498509,-1.85499363322049,0.137487846545444,-8.39554369041451,3.54737329753732,-2.40386468533306,0.064273468813259,-7.82964085989015,3.99581780969795,-1.99861996300639,0.13443091461894,0.931069789699387,0.722820933903774,0.98373454875392,0.985782455785973,0.998192371960551,0.881686114449446,0.940029482180419,0.683397076769759,0.067208296481854,0.991083391344958,0.419961963545271,0.761974269970898,0.473468210072953,0.660609426402799
